仙台一番町店,宮城県内だけでなく、山形や福島など県外からのご利用も多い仙台一番町店。JR仙台駅、地下鉄仙台駅、JR仙石線あおば通駅とが近くありますので、通いやすい店舗となっております。脱毛でぴかぴかのお肌を手に入れましょう。最高の技術とおもてなしでお客様をお迎えいたします。,〒980-0811
宮城県仙台市青葉区一番町3-4-3
INDEX BUILDING 3F,平日　11：00〜20：00
土日祝　10：00〜19：00,8台,無,地下鉄南北線広瀬通駅西3番出口から徒歩8分、クリスロードとぷらんどーむ一番町の交差点すぐ、クリスロード沿い「INDEX BUILDING」3階です。JR仙台駅、地下鉄仙台駅、JR仙石線あおば通駅からもアクセスでき、通いやすいサロンです。
札幌店,札幌有数の繁華街、すすきの駅から徒歩２分。
お仕事帰りでもお買い物のついででも、非常に利便性のいい店舗です。
全身脱毛はもちろん、ワキ脱毛やVIO脱毛など、気になる部分のみの脱毛から始めていただくことも可能ですので、お気軽に無料カウンセリングのご予約をどうぞ。,〒060-0063
北海道札幌市中央区南3条西3丁目8-1
エテルノビル 1F,平日　12：00〜21：00
土日祝　10：00〜19：00,8台,無,地下鉄南北線すすきの駅より徒歩2分です。1番出口を出て、札幌駅前通り方面へ直進。交差点の角を右に曲ると郵便局があり、すぐ並びにあるエテルノビル1階です。
新宿東口店,新宿三丁目駅からなんと徒歩30秒、新宿駅東口からは徒歩5分の脱毛サロンが新宿東口店です。ショッピングついでに寄れる便利な立地がポイント。
ファッションが楽しくなる、陶器のようなお肌を脱毛で手に入れましょう。,〒160-0022
東京都新宿区新宿 3-17-2
ヒューリック新宿三丁目ビル（旧 SHINJUKU GATES）4F ,平日　12：00〜21：00
土日祝　10：00〜19：00,14台,無,新宿三丁目駅（丸ノ内線、副都心線、都営新宿線）B5・B6出口より徒歩約30秒。JR新宿駅東口からは新宿通りを四谷方面へ徒歩約5分。人気の有名店が立ち並ぶ新宿三丁目にあるヒューリック新宿三丁目ビル（旧 SHINJUKU GATES）4階です。 
新宿西口店,新宿エリアで一番新しい銀座カラーの脱毛サロンが、新宿西口店です。新宿駅から徒歩5分、オフィス街に近いため、仕事帰りに通いやすいとOLさんに好評です。処理をし忘れていたなど、ムダ毛アクシデントを起こさぬよう、いまから準備を始めましょう。,〒160-0023
東京都新宿区西新宿1-4-11
宝ビル 7F ,平日　12：00〜21：00
土日祝　10：00〜19：00,9台,無,JR新宿駅西口より徒歩5分、都営地下鉄大江戸線の新宿西口駅D4出口より徒歩2分。JR新宿駅西口からは、新宿警察署方面へ進み、新都心歩道橋下交差点の東側すぐの「宝ビル」7階です。
銀座プレミア店,ワインレッドのソファに漆喰の壁が特徴的な脱毛サロン、銀座プレミア店。モダンフレンチがコンセプトのサロン内で、スタッフがお客様をお迎えします。
白くて透明感のある肌になれるよう、リッチな空間で脱毛しはじめましょう。,〒104-0061
東京都中央区銀座5-3-13
GINZA SS 85ビル 4F ,平日　12：00〜21：00
土日祝　10：00〜19：00,13台,無,地下鉄銀座駅（丸ノ内線・銀座線・日比谷線）B9出口より徒歩2分。JR有楽町駅からも徒歩約5分です。数寄屋橋交差点からは外堀通りを新橋駅方面へ進み、1つ目の信号・銀座西5丁目の角のひとつ手前にある「GINZA SS 85ビル」4階です。 
盛岡菜園店,百貨店パルクアベニュー・カワトクの向かい側。銀座カラーでツルスベのお肌になってからお買い物も出来ます。映画通りで映画を見てからお立ち寄りいただくことも出来ます。菜園は飲食店街ですから、ランチ後でも大丈夫。提携の有料駐車場もございますので、車で来ていただいても心配はいりません。まずは無料カウンセリングでご予約をどうぞ。,〒020-0024
岩手県盛岡市菜園2-2-3
豊岡菜園ビル 4F,全日　10：00〜19：00,6台,提携の有料駐車場あり,JR盛岡駅東口より徒歩15分、開運橋通り、公園通りを進み菜園交差点を右折、映画館通り沿いの「豊岡菜園ビル」4階です。車でお越しの場合は、盛岡I.C.から15分、盛岡南I.C.より20分です。盛岡駅前の通いやすいサロンです。
銀座本店,銀座カラー最多のベッド数を誇る脱毛サロン、銀座本店。広くリッチなサロン内は、お客様をおもてなししたいという銀座カラーの気持ちが詰まっています。技術力の高いスタッフの脱毛＋保湿ミストで、乾燥しがちな肌も徹底ケアいたします。,〒104-0061
東京都中央区銀座 4-2-2
第1弥生ビルディング 3F ,平日　12：00〜21：00
土日祝　10：00〜19：00,28台,無,地下鉄銀座駅(丸ノ内線・銀座線・日比谷線)のC8出口ビル直結、JR有楽町駅からも徒歩5分です。数寄屋橋交差点からは晴海通りを歌舞伎座方面へ進み、1つ目を左へ曲がって並木通りへ。2つ目の角のビル（第1弥生ビルディング）3階です。 
渋谷109前店,ファッションやカルチャーの最先端をいく渋谷、その代表でもある渋谷109の前にあるのが銀座カラーの脱毛サロン、渋谷109前店です。いま変化の多い渋谷駅周辺は新しい発見がたくさん。渋谷109前店での脱毛を通して、ツルスベ肌になった新しい自分を発見してみてください。,〒150-0042
渋谷区宇田川町26-5
育真ビル（育真プラザ） 5F ,平日　12：00〜21：00
土日祝　10：00〜19：00,5台,無,渋谷のランドマーク・109前、道玄坂下交差点すぐの「育真ビル（育真プラザ）」5階。JR渋谷駅ハチ公口改札から徒歩3分。地下鉄（銀座線、半蔵門線、副都心線）、京王井の頭線、東急（東横線、田園都市線）の各線からも便利です。
新宿南口店,新宿駅から徒歩1分、オレンジを基調としたキラキラポップな大人可愛い脱毛サロンが新宿南口店です。ルミネに近く、施術後のショッピングも楽しめる立地です。ムダ毛のない透き通ったツルスベ肌は、銀座カラー新宿南口店のスタッフと共に作り上げていきましょう。,〒151-0053
東京都渋谷区代々木 2-8-3 新宿GSビル 8F ,平日　12：00〜21：00
土日祝　10：00〜19：00,15台,無,都営地下鉄新宿駅（都営新宿線・大江戸線）2番出口より徒歩1分。JR新宿駅南口から甲州街道を都庁方面へ進み徒歩2分、1つ目の大きな交差点（西新宿1丁目）南側すぐの「新宿GSビル」8階です。 
池袋店,様々な路線が乗り入れる池袋駅から徒歩3分、アクセスのしやすさがポイント高い、脱毛サロンの銀座カラー池袋店です。東京都内はもちろん、埼玉や千葉からのお客様が多いのが特長です。肌ケアをサボりがちだった方は、池袋店で脱毛と合わせて保湿ケアしてみては？,〒171-0022
東京都豊島区南池袋 1-19-4
幸伸ビル 7F
1Fがdocomoショップのビル ,平日　12：00〜21：00
土日祝　10：00〜19：00,17台,無,JR池袋駅南改札より東口へ出て右方面へ、徒歩3分、1Fがドコモショップの「幸伸ビル」7階です。地下鉄有楽町線池袋駅39番出口、西武池袋線池袋駅南口から徒歩3分、地下鉄丸ノ内線池袋駅42番出口からは徒歩5分。 
表参道店,青山通りからほど近い、落ち着いた雰囲気の中に輝きが溢れる脱毛サロンは、銀座カラー初の路面店である表参道店です。 表参道駅から徒歩1分というアクセスの良さはもちろん、人気のスポットが多いエリアですので通う楽しみもいっぱいです。 ツルスベ肌で毎日をハッピーに過ごすために、表参道店のスタッフと一緒に全身脱毛を始めてみませんか。,〒107-0061
東京都港区北青山3-10-6
青山パークスビル1F ,平日　12：00〜21：00
土日祝　10：00〜19：00,15台,無,地下鉄（銀座線、千代田線、半蔵門線）表参道駅B2出口より徒歩1分。表参道交差点から進む場合は、青山通り（246号線）を渋谷方面へ進み表参道駅B2出口手前の小道を右折。ガラス張りのエントランスが目印の「青山パークスビル」1階です。 
池袋サンシャイン通り店,池袋駅東口から徒歩3分、駅ナカを通れば徒歩1分！サロン内もエステティシャンも明るい銀座カラーの脱毛サロンは池袋サンシャイン通り店です。池袋店も近くにあるので、予定に合わせて通いやすいのが特長です。近くのお店でコスメをゲットして、銀座カラーの脱毛でツルスベボディをゲットしてください。,〒170-0013
東京都豊島区東池袋 1-3-6
山手ビル 7F,平日　12：00〜21：00
土日祝　10：00〜19：00,10台,無,JR池袋駅東口を出てすぐの「山手ビル」7階です。JR池袋駅32番・33番出口から徒歩1分、東武東上線、西武池袋線、地下鉄有楽町線・丸ノ内線・副都心線（東急東横線）の池袋駅から徒歩3〜5分。 
吉祥寺北口店,常に住みたい街ランキング上位にランクイン、そんな吉祥寺にある脱毛サロンの銀座カラー吉祥寺北口店です。 駅から徒歩1分、店内は白が基調の綺麗なサロン。キラリナやパルコなど、人気のショッピングモールで最新トレンドを取り入れて、銀座カラーでツルスベ肌を手に入れてください。,〒180-0004
東京都武蔵野市吉祥寺本町1-4-15
ホワイトハウスビル 4F,平日　12：00〜21：00
土日祝　10：00〜19：00,4台,無,JR中央線・京王井の頭線の吉祥寺駅北口、ロータリーを正面に見て左方向へ徒歩1分、「ホワイトハウスビル」4階です。吉祥寺駅へは、新宿駅から中央線快速で15分、渋谷駅からは京王井の頭線急行で17分。 
北千住店,住みたい街ランキングの穴場だと思う街（駅）ランキング1位、現在大注目の北千住にある脱毛サロンは銀座カラーの北千住店です。5路線が乗り入れる利便性の高さで、どの地域からも通いやすいのがポイントです。しっかりとケアをして、肌トラブルのないツルスベ肌を脱毛で手に入れましょう。,〒120-0034
東京都足立区千住3-1
ベニヤ第一ビル 3F ,平日　12：00〜21：00
土日祝　10：00〜19：00,8台,無,北千住駅西口から徒歩5分。駅を背にアーケードの商店街(きたろーど1010)を直進した先の、1階に美容室Ashがある、ベニヤ第一ビル3階です。
渋谷道玄坂店,銀座カラーの中でも大型店舗の渋谷道玄坂店は、新しく綺麗で予約もとりやすい脱毛サロンです。駅チカ（JR線、半蔵門線、副都心線、田園都市線）なので周りには飲食店が多く、楽しい食事と合わせて気軽に脱毛ができますよ。乾燥しやすい…という人は、保湿成分のミストケアを含んだ、人気の全身脱毛をおすすめします。,〒150-0043
東京都渋谷区道玄坂2-10-12
新大宗ビル3号館 10F,平日　12：00〜21：00
土日祝　10：00〜19：00,14台,無,地下鉄渋谷駅（JR線、半蔵門線、副都心線、田園都市線）の2番出口より徒歩3分。2番出口を出てロッテリアがある方へ道玄坂を登っていくと左手にある、新大宗ビル3号館の10階です。 JR渋谷駅からも徒歩6分とアクセス抜群です。
町田モディ店,JR町田駅から徒歩3分、小田急町田駅に至ってはすぐ目の前。町田モディのB2Fにある脱毛サロンが銀座カラーの町田モディ店です。町田モディ内にサロンがあるので、ショッピングやカフェのついでに気軽に通えます。銀座カラーの美肌脱毛で写真を誰よりも綺麗に飾ってみてはいかがでしょうか。,〒194-0013
東京都町田市原町田6-2-6
町田モディB2F ,全日　10：00〜21：00,8台,無,小田急町田駅西口すぐ、JR町田駅北口から徒歩3分、町田駅前通り沿い「町田モディ」B2階です。町田駅前の通いやすいサロンです。 
立川店,木材を使ったインテリアがふんわり優しい雰囲気で心地いいと評判の脱毛サロン・立川店。いい雰囲気はスタッフの温もりのある対応からも感じていただけます。立川駅から徒歩2分、天気が悪い日でも気軽に通っていただけますよ。乾燥や日焼けのダメージを受けたムダ毛肌やゴワゴワ肌は、立川店で脱毛＆保湿ケアを始めてみませんか。,〒190-0023
東京都立川市柴崎町3-5-27
ＹＭビル 2F,平日　12：00〜21：00
土日祝　10：00〜19：00,6台,無,JR立川駅南口、グランデュオ立川より錦町方面へ徒歩2分、「YMビル」2階です。多摩モノレール立川南駅からも2番出口より徒歩2分。立川駅前の通いやすいサロンです。 
名古屋駅前店,中部地方最大の都市名古屋。その名古屋駅から歩いて5分のところに名古屋駅前店はございます。県外からもアクセスしやすく、多くのお客様にお喜びいただいています。
スタッフ全員で名古屋で1番のエステサロンを目指し、笑顔で明るい接客と確かな技術でお客様をお迎えしております。脱毛でお肌の魅力をもっとアップさせてみませんか。,〒450-0002
愛知県名古屋市中村区名駅4-26-22
名駅ビル 8F ,平日　12：00〜21：00
土日祝　10：00〜19：00,11台,無,名古屋駅（JR、名鉄、近鉄）から徒歩5分、名駅通りから錦通へ左折、錦通沿い「名駅ビル」8階です。名古屋駅前の通いやすいサロンです。
岐阜神田町店,白を基調とした清潔感ある内装の岐阜神田町店。JR岐阜駅・名鉄岐阜駅から歩いて2分とお仕事帰りにも、お買い物にも便利なサロンです。全身脱毛はもちろん部分脱毛もコースご用意ございますので、お気軽に無料カウンセリングのご予約を！日差しでダメージを受けたお肌を銀座カラーでみずみずしいつややかなお肌にしませんか。,〒500-8833
岐阜県岐阜市神田町9-22
パリスビル 3F ,平日　12：00〜21：00
土日祝　10：00〜19：00,6台,提携の有料駐車場あり,JR岐阜駅長良口より徒歩3分の長良橋通り沿い「パリスビル」3階です。名鉄岐阜駅（名古屋本線、各務原線）出入り口1からも徒歩3分。岐阜駅前の通いやすいサロンです。
高崎店,群馬県で初出店となる高崎店は、北関東最大のターミナル駅、高崎駅から徒歩4分。お仕事帰りや学校帰りにも気軽に通っていただけます。銀座カラーの脱毛で、つるつる赤ちゃん肌を手に入れましょう。
,〒370-0849
群馬県高崎市八島町273
高崎ピュアビル3F,平日　11：00〜20：00
土日祝　10：00〜19：00,7台,無,JR高崎駅西口より徒歩4分。2階ロータリー中央のデッキを渡り、突き当たり右側の階段を下り、前方すぐの角を左方向へ直進。「高崎ピュアビル」3階です。

梅田新道店,梅田新道店は地下鉄谷町線東梅田駅7番出口から徒歩4分にございます。地下鉄JR東西線北新地駅からも徒歩5分ととても通いやすいサロンです。
内装は銀座カラーのイメージである白と赤を基調としたインテリアで揃え、特別な空間をご用意しております。脱毛と保湿ミストでお肌をケアしましょう。,〒530-0057
大阪府大阪市北区曽根崎2-3-2
梅新スクエア 9F ,平日　12：00〜21：00
土日祝　10：00〜19：00,14台,無,地下鉄谷町線東梅田駅7番出口から徒歩4分、地下鉄JR東西線北新地駅出入口1からも徒歩5分、御堂筋を淀屋橋方面へ進み、梅田新道交差点を左折、「梅新スクエア」9階です。梅田駅前の通いやすいサロンです。
天神店,九州に初上陸！地下鉄空港線の天神駅から徒歩3分、西鉄福岡駅や赤坂駅からもアクセスできるのが脱毛サロンの銀座カラー 天神店。近年大注目の都市とあって、周辺にはオシャレスポットもたくさん！お買い物ついでにも通えるサロンです。,〒810-0041
福岡県福岡市中央区大名2-6-1
福岡国際ビル 4F,平日　12：00〜21：00
土日祝　10：00〜19：00,9台,無,地下鉄空港線天神駅2番出口より徒歩3分。西鉄福岡駅からも徒歩6分です。天神西通りを直進し、西鉄グランドホテルの隣の福岡国際ビル4階です。
心斎橋店,銀座カラー心斎橋店は高級ブランドのお店が軒を連ねる御堂筋沿い、1階にアップルストアが入っているビル3階にございます。ベッド台数16台と大阪店舗で最大規模。もちろんパウダールームも兼ね備えてございますので、脱毛のあとそのままお出かけしていただけます。お出かけついでにお肌ケアをはじめませんか。,〒542-0086
大阪府大阪市中央区西心斎橋 1-5-5
アーバンBLD心斎橋 3F,平日　12：00〜21：00
土日祝　10：00〜19：00,16台,無,地下鉄御堂筋線心斎橋駅C階段7番出口から徒歩1分。御堂筋ブランド通り沿いアップルビルの中、アメリカ村入り口のビル「アーバンBLD心斎橋」3階です。地下鉄長堀鶴見緑地線心斎橋駅、地下鉄四つ橋線四ツ橋駅からもアクセスできます。心斎橋駅前の通いやすいサロンです。
梅田曽根崎店,各路線から徒歩１０分以内。非常に便利な位置にあるのが梅田曾根崎店です。地下街の「ホワイティうめだ」を通れば外を歩くこともなく、悪天候の日でもまったく心配はいりません。HEP FIVEや阪急百貨店などお買い物ついでに脱毛サロンへ寄って、すべすべのお肌を手に入れませんか。,〒530-0057
大阪府大阪市北区曽根崎 2-15-24
曽根崎東ビルディング 7F ,平日　12：00〜21：00
土日祝　10：00〜19：00,7台,無,梅田駅（阪急、阪神、地下鉄御堂筋線）、地下鉄谷町線東梅田駅、地下鉄四つ橋線西梅田駅、JR大阪駅から地下街「ホワイティうめだ」を通り、イーストモール7-75を上がってすぐ、「曽根崎東ビルディング」7階です。JR東西線北新地駅からもアクセスできます。梅田駅前の通いやすいサロンです。 
神戸元町店,阪急三宮駅から徒歩7分の神戸元町店。大丸神戸店のすぐ近くにありお買い物にも便利です。脱毛施術は最新機の導入で全身コースがなんと1回1時間で終わります。エステサロンに行ったかのようなお肌の潤いを感じられる保湿ミストマシンもオプションですがご用意しております。ムダ毛やカサカサお肌からさよならしましょう。,〒650-0037
兵庫県神戸市中央区明石町 32
明海ビル 6F,平日　12：00〜21：00
土日祝　10：00〜19：00,8台,無,元町駅（阪神、JR神戸線）からメリケンロードを海側方面へ進み、仲町通を三ノ宮方面へ左折、明石町筋沿いを右折してすぐの「明海ビル」6階です。三ノ宮駅からは500m徒歩7分。神戸市営地下鉄湾岸線旧居留地・大丸前駅からもアクセスできます。
広島店,中国地方で銀座カラー1号店の広島店は路面電車の八丁堀駅より徒歩2分。白で統一された内装は高級感と特別な空間を感じさせてくれます。平日は21:00まで営業しておりますのでお仕事帰りに通いたいというお客様にも便利です。私たち広島店のスタッフが皆様のダイアモンドのように輝くお肌をサポートいたしますのでぜひお越しください。,〒730-0035
広島県広島市中区本通1-6
本通ミタキヤビル 3F,平日　12：00〜21：00
土日祝　10：00〜19：00,6台,無,路面電車の八丁堀駅より徒歩2分。八丁堀駅から、金座街商店街を直進。最初の角を右折し、次の角を左折し真っ直ぐ進みます。1階にドトールが入っているミタキヤビルの3階です。
三宮店,赤ちゃん肌女子急増中。銀座カラーで脱毛してつるつるすべすべのお肌をゲットしませんか。三宮店は神戸市営地下鉄湾岸線三宮・花時計前駅から徒歩1分。JR三宮駅、阪急三宮駅からも徒歩5分と非常にアクセスのしやすい場所にございます。ベッド台数も17台と多く、近畿銀座カラー最大規模の店舗です。是非お越しください。,〒650-0021
兵庫県神戸市中央区三宮町1-2-1
三神ビル6F,平日　12：00〜21：00
土日祝　10：00〜19：00,17台,無,神戸市営地下鉄湾岸線三宮・花時計前駅B9出口より徒歩1分。京町筋交差点角「三神ビル」6階です。JR三宮駅西口、阪急三宮駅東口からも徒歩5分。三宮駅周辺の通いやすいサロンです。 
天王寺店,大阪の新名所、あべのハルカスのすぐ近くにあるのがこちらの天王寺店です。ファッションに埋もれない、透明感のあるお肌を脱毛で目指しませんか。全身脱毛はもちろん、気になる部分だけのコースもご用意しております。まずは無料カウンセリングでお気軽にどうぞ。,〒545-0051
大阪府大阪市阿倍野区旭町1-1-14
あべの旭町ビル（旧 第二竹澤ビル） 4F,平日　12：00〜21：00
土日祝　10：00〜19：00,6台,無,各線天王寺駅より徒歩4分。駅を出て、あびこ筋を阪神高速14号松原線の方角へ直進。道路を挟んで右手側にある、あべの旭町ビル（旧 第二竹澤ビル）4階です。
八王子店,活気のあるJR八王子駅から徒歩4分、綺麗で清潔感のある白を基調とした脱毛サロンが銀座カラーの八王子店です。アットホームな雰囲気のサロンなので、脱毛が初めての方も気軽に無料カウンセリングに来ていただけます。ムダ毛トラブルは、八王子店のエステティシャンにお任せ！プロの専門知識でベストな脱毛をご提案します。,〒192-0084
東京都八王子市三崎町4-11
トーネンビル 7F,平日　12：00〜21：00
土日祝　10：00〜19：00,9台,無,JR八王子駅北口より徒歩4分。北口改札を出てユーロードを直進。信号の手前左手のトーネンビル7階です。
千葉船橋店,大型ショッピングモールやデパート、カフェや飲食店が立ち並ぶ船橋駅から徒歩1分の脱毛サロン、銀座カラー千葉船橋店です。平日の仕事帰りや学校帰り、休日のショッピングの合間などに立ち寄りやすい立地です。お得に脱毛できるプランもありますので、千葉船橋店で脱毛をはじめてみませんか？,〒273-0005
千葉県船橋市本町 4-44-25
ルネライラタワー船橋 2F ,平日　12：00〜21：00
土日祝　10：00〜19：00,10台,無,京成線船橋駅から徒歩1分、JR総武本線・東武アーバンパークライン（旧野田線）の船橋駅南口から京成船橋駅ガードをくぐり左側。「ルネライラタワー船橋」2階です。1階はハワイアンBBQグリル・アロハグランドテラスです。船橋駅前の通いやすいサロンです。

錦糸町店,錦糸町店は東京メトロ錦糸町駅から徒歩3分、JR錦糸町駅から徒歩４分です。駅前にもお店が多く、脱毛後にショッピングや映画も楽しめます。錦糸町店で脱毛して、ムダ毛のないツルツル肌でオシャレを楽しみませんか？
,〒130-0022
東京都墨田区江東橋3-8-14
第一錦糸ビル8F,平日　12：00〜21：00
土日祝　10：00〜19：00,8台,無,東京メトロ錦糸町駅（半蔵門線）M1出口より徒歩３分。JR錦糸町駅南口から4分。駅を背に錦糸町駅前交差点の歩道橋を渡り、四ッ目通りを直進。江東橋三丁目交差点手前のビル、「第一錦糸ビル」8階です。

川越駅前店,東武東上線や川越線（埼京線）が乗り合わせる川越駅から徒歩1分、通いやすい脱毛サロンは銀座カラーの川越駅前店です。白ベースにピンクのポイントカラーが効いた可愛いサロンはお客様から大好評。明るく素敵な川越駅前店サロンスタッフが、肌のお悩みを脱毛＆保湿ケアで解決いたします。,〒350-1122
埼玉県川越市脇田町18-1
川越駅前ビル 7F,平日　12：00〜21：00
土日祝　10：00〜19：00,7台,無,JR川越線（埼京線）、東武東上線の川越駅東口から徒歩1分、「川越駅前ビル」7階です。川越駅前の通いやすいサロンです。
立川北口店,白がベースの明るく綺麗で広々としている脱毛サロン、銀座カラーの立川北口店。ベッド数が10台と多く、近隣店舗より予約も取りやすくなっています。JR立川駅より徒歩5分、多摩モノレール立川北駅からであれば徒歩2分の通いやすいサロンです。乾燥や日焼けした肌は水分不足。銀座カラーの保湿ケア付き脱毛でムダ毛のない潤い肌を目指しましょう。,〒190-0012
東京都立川市曙町 1-14-14
コアビル（旧 メサビル） 6F ,平日　12：00〜21：00
土日祝　10：00〜19：00,10台,無,JR立川駅北口より曙町方面へ徒歩5分、「コアビル（旧 メサビル）」の6階です。多摩モノレール立川北駅からも2番出口より徒歩2分。立川駅前の通いやすいサロンです。 
大宮店,ゆったり広いワンフロアに20部屋ある大宮店は、銀座本店に次ぐ大型脱毛サロンです。予約も取りやすく、通いやすいのが魅力。白×黒ベースのスタイリッシュなインテリアで、リラックスしながら、全身脱毛、ワキ、顔、VIOも安心してお任せください。,〒330-0845
埼玉県さいたま市大宮区仲町 2-23-2
大宮仲町センタービル 2F ,平日　12：00〜21：00
土日祝　10：00〜19：00,20台,無,埼玉県最大のターミナル・大宮駅（京浜東北線・宇都宮線・湘南新宿ライン・東北新幹線などのJR各線、東武アーバンパークライン（旧野田線）、埼玉新都市交通伊奈線など14路線）東口より徒歩5分、旧中山道沿い「大宮仲町センタービル」2階です。大宮駅前の通いやすいサロンです。 
上野広小路店,JR御徒町駅南口から徒歩2分、女の子らしいガーリーな内装が可愛い銀座カラーの脱毛サロンが上野広小路店です。もちろんパウダールームも完備なので、脱毛後の予定もバッチリ。近くの上野恩賜公園は四季を通じて自然を存分に満喫できるので、脱毛したツルすべ肌と一緒に写真に収めてみては？,〒110-0005
東京都台東区上野3-22-4
MOTビル 6F,平日　12：00〜21：00
土日祝　10：00〜19：00,5台,無,【！】iPhoneご利用のお客様へ
iPhoneの標準アプリ「マップ（Apple）」を使用しますと、別の場所が検索されてしまいますので、こちらのページにあります、Googleマップをご利用ください。

JR山手線・御徒町駅南口から徒歩2分、「MOTビル」6階です。地下鉄銀座線上野広小路駅、都営地下鉄大江戸線上野御徒町駅からは徒歩5分、地下鉄日比谷線の仲御徒町駅からもアクセスできます。
柏店,白とピンクの内装が可愛いくて人気の銀座カラーの脱毛サロン、柏店。柏駅から徒歩4分の好立地に加え、小さめのサロンだからこその団結力でお客様をお迎えします。肌がお疲れの方、銀座カラーの美肌脱毛で頑張りすぎた身体を簡単ツルスベ肌にしてみませんか？,〒277-0005
千葉県柏市柏2-5-5
ザ・カシワ拾番 1F,平日　12：00〜21：00
土日祝　10：00〜19：00,5台,無,JR常磐線、東武アーバンパークライン（旧野田線）の柏駅東口から徒歩4分、「ザ・カシワ捨番」ビル1階です。柏駅前の通いやすいサロンです。 
横浜店,銀座カラーの中でも長くお客様に愛されている脱毛サロン、横浜店。JRや東横線など多くの路線が乗り入れる横浜駅から徒歩4分の好アクセスなサロンです。多くのお客様を見てきた横浜店のエステティシャンにお任せいただければ、ムダ毛トラブルもカサカサ乾燥肌も合わせて解決いたします！,〒220-0005
神奈川県横浜市西区南幸 2-9-12
南幸自治会館 4F ,平日　12：00〜21：00
土日祝　10：00〜19：00,8台,無,横浜駅（JR、東急、京急、相鉄、地下鉄、横浜高速鉄道）西口から徒歩4分、「南幸自治会館」4階です。横浜駅前の通いやすいサロンです。 
千葉店,千葉駅から徒歩5分、千葉中央駅からは徒歩6分、モノレールの駅からでも簡単にアクセスできるのが銀座カラーの脱毛サロン、千葉店です。ベッド数14台と多いので予約が取りやすく、通うのが楽ですよ。自己処理を続けた肌は思っている以上にダメージを受けているかも！ムダ毛と保湿ケアでダメージを無かったことにしませんか？,〒260-0015
千葉県千葉市中央区富士見2-14-1
EXビル 7F,平日　12：00〜21：00
土日祝　10：00〜19：00,14台,無,JR総武本線、JR外房線、モノレールの千葉駅東口から徒歩5分、京成千葉線千葉中央駅東口から徒歩6分、EXビル7階です。千葉都市モノレール・栄町駅からもアクセスできます。千葉駅前の通いやすいサロンです。
川崎店,川崎駅から徒歩1分、明るく居心地のいいサロンと評判なのが銀座カラーの脱毛サロン、川崎店です。川崎アゼリアのNOF川崎東口ビル出口を抜ければ目の前！天気が悪くても気にせず通えちゃいます。脱毛に通おうと思ってたけどタイミング無くしちゃった。って方はこれからがはじめどき！銀座カラーで美肌脱毛をはじめましょう。,〒210-0007
神奈川県川崎市川崎区駅前本町5-1
美光ビル 4F,平日　12：00〜21：00
土日祝　10：00〜19：00,5台,無,JR川崎駅東口から徒歩1分、京急川崎駅中央口から徒歩2分、仲見世通に入ってすぐの「美光ビル」4階です。川崎駅前の通いやすいサロンです。
船橋北口店,船橋駅から徒歩1分、駅から見えるほど近いから通いやすさは抜群！天候が悪くても気にせずに通える銀座カラーの脱毛サロン、船橋北口店。季節のイベントで可愛い水着やスポーツウエアを着てもムダ毛があったら台無しです。船橋北口店で脱毛して、ツルスベ肌をゲットしてくださいね。,〒273-0005
千葉県船橋市本町 5-3-1
サンライズビル 4F ,平日　12：00〜21：00
土日祝　10：00〜19：00,10台,無,JR総武本線・東武アーバンパークライン（旧野田線）の船橋駅北口から徒歩1分、京成船橋駅からも徒歩5分、「サンライズビル」4階です。船橋駅前の通いやすいサロンです。
つくば店,つくばエクスプレス研究学園駅から徒歩2分、駅近で通いやすい脱毛サロンがつくば店です。近くにはショッピングセンターもあるので、脱毛のついでにショッピングや映画が楽しめます。つくば店のスタッフと一緒に、脱毛ですべすべ肌を目指しませんか。
,〒305-0817
茨城県つくば市研究学園5-12-4
研究学園駅前岡田ビル4F,平日　11：00〜20：00
土日祝　10：00〜19：00,6台,無,つくばエクスプレス研究学園駅北口より徒歩2分。ロータリー中央の横断歩道を渡り、正面右側にある「研究学園駅前岡田ビル」4階です。
横浜西口店,横浜駅から徒歩4分、横浜エリアの3店の中でも一番新しい脱毛サロンが銀座カラーの横浜西口店です。カフェやアミューズメント施設が周辺にあるので、友達と遊ぶ前に気軽に立ち寄っていただけますよ。乾燥や日焼けで肌を傷めたかも。銀座カラーの美肌脱毛で、潤い肌の準備をはじめてくださいね。,〒220-0004
神奈川県横浜市西区北幸2-1-22
ナガオカビル 6F ,平日　12：00〜21：00
土日祝　10：00〜19：00,7台,無,横浜駅（JR、東急、京急、相鉄、地下鉄、横浜高速鉄道）西口から徒歩4分、「ナガオカビル」6階です。横浜駅前の通いやすいサロンです。 
水戸駅前店,水戸駅から徒歩2分、赤い看板が目印の脱毛サロン・銀座カラー水戸駅前店。駅近なので学校帰りや仕事帰りでも気軽に立ち寄れます。サロン近くにはマルイがありますので、帰りはショッピングも楽しめますよ。ムダ毛が心配なら今のうちに銀座カラーの美肌脱毛をオススメします！,〒310-0011
茨城県水戸市三の丸1-1-4
Frisch水戸駅前ビル 1F,平日　11：00〜20：00
土日祝　10：00〜19：00,7台,無,JR水戸駅北口より徒歩2分。北口から歩道橋上を真っ直ぐ進み、つきあたりを右側に降りるとすぐ左手側に見えるFrisch水戸駅前ビルの1階です。
新潟アルタ店,新潟アルタに入っている新潟アルタ店。JR新潟駅万代口からのアクセスもよく、ショッピングの合間にもお立ち寄りいただきやすい脱毛サロンです。お得な全身脱毛コースに加え、ワキ脱毛、VIO脱毛など、癒しの空間で快適な脱毛施術をお楽しみいただけます。,〒950-0088
新潟県新潟市中央区万代1-3-30
新潟アルタ B1F,平日　11：00〜20：00
土日祝　10：00〜20：00,8台,無,JR新潟駅の万代口より徒歩8分です。県道33号線を国道7号線方面に進み、ラブラ2より左折して進んだ先にある、新潟アルタのB1階です。
ポルテ金沢店,世界で最も美しい駅14選に選ばれ、北陸新幹線でも大注目のJR金沢駅から徒歩2分。ポルテ金沢内にあり、お仕事帰りやランチのついでにも気軽に立ち寄れる脱毛サロンです。ワキ脱毛、顔脱毛、女子力アップに欠かせないVIO脱毛、お得な全身脱毛も人気です。,〒920-0853
石川県金沢市本町2-15-1
ポルテ金沢 3F,平日　11：00〜20：00
土日祝　10：00〜19：00,6台,提携の有料駐車場あり,JR金沢駅東口、北鉄浅野川線金沢駅から地下連絡通路を通り徒歩2分、「ポルテ金沢」ビル3階です。金沢東I.C、金沢西I.C.より車で15分。金沢駅前の通いやすいサロンです。
横浜エスト店,横浜駅から徒歩4分、OLさんから特に人気の脱毛サロンが銀座カラーの横浜エスト店です。大きな道路に面しているビルの7Fにサロンがありますので、女性一人でも安心して通っていただけます。素肌に自信が無く、控えめだった方。思い切って横浜エスト店で脱毛をはじめてみませんか？,〒220-0005
神奈川県横浜市西区南幸 2-17-7
ヴェルディ横浜 7F ,平日　12：00〜21：00
土日祝　10：00〜19：00,10台,無,横浜駅（JR、東急、京急、相鉄、地下鉄、横浜高速鉄道）西口から徒歩4分、「ヴェルディ横浜」ビル7階です。横浜駅前の通いやすいサロンです。 
藤沢店,超有名スポット、湘南江の島がある藤沢市の人気脱毛サロンが銀座カラーの藤沢店です。藤沢店は藤沢駅から徒歩2分、乗り入れも多い駅なので、アクセスも抜群です。肌がお疲れの方、銀座カラーの美肌脱毛で、潤い肌の準備をはじめてくださいね。,〒251-0024
神奈川県藤沢市鵠沼橘1-1-1
第二外岡ビル 4F,平日　12：00〜21：00
土日祝　10：00〜19：00,8台,無,JR藤沢駅南口を出て、ロータリー右手のOPA脇の歩道を直進。直進した先にある、第二外岡ビル4階です。 
静岡店,JR静岡駅から徒歩5分の静岡店。駅から近くてとても便利で通いやすい店舗です。全身脱毛1回約60分で終わりますのでお買い物ついでにお立ち寄りいただけると思います。
ぷるっとつやつやの赤ちゃん肌脱毛をぜひ体感してください。乾燥に負けない潤いお肌を私たちが全力でサポートいたします。,〒420-0857
静岡県静岡市葵区御幸町6
静岡セントラルビル 9F,平日　11：00〜20：00
土日祝　10：00〜19：00,6台,無,JR静岡駅北口から御幸通りを直進。御幸町交差点を右折、右手側に静岡セントラルビルがございます。ビルの9階までお越しください。
名古屋栄店,銀座カラー名古屋栄店はお客様の魅力を引き出すお手伝いをいたします。肌がキレイになるとメイクやファッションなど、もっとオシャレに見えるかもしれませんね。
無料カウンセリング受け付けておりますので、お気軽にお問い合わせください。,〒460-0003
愛知県名古屋市中区錦 3-7-12
錦クリスタルビル 9F ,平日　12：00〜21：00
土日祝　10：00〜19：00,9台,無,名古屋市営地下鉄東山線栄駅1番出口、桜通線久屋大通駅4番出口から徒歩5分、大津通り沿い「錦クリスタルビル」9階です。名古屋栄駅周辺の通いやすいサロンです。
宇都宮店,東武百貨店が直結する東武宇都宮駅から徒歩5分、栃木県の中心部である宇都宮市に脱毛サロンを構えるのが銀座カラー宇都宮店。提携の有料駐車場がありますので、遠方の方はお車でのご来店も気軽にしていただけます。明るい宇都宮店のエステティシャンと美肌脱毛をはじめましょう。,〒320-0801
栃木県宇都宮市池上町4-23
外山ビル 4F ,平日　11：00〜20：00
土日祝　10：00〜19：00,8台,提携の有料駐車場あり,東武宇都宮線東武宇都宮駅より徒歩5分、オリオン通りを渡り、大通りへ抜ける道沿い「外山ビル」4階です。JR宇都宮駅西口からは徒歩20分です。宇都宮市街地にある通いやすいサロンです。 
